"761183272","0761183272.jpg","http://ecx.images-amazon.com/images/I/61Y5cOdHJbL.jpg","Mom's Family Wall Calendar 2016","Sandra Boynton","3","Calendars"
"1623439671","1623439671.jpg","http://ecx.images-amazon.com/images/I/61t-hrSw9BL.jpg","Doug the Pug 2016 Wall Calendar","Doug the Pug","3","Calendars"
"B00O80WC6I","B00O80WC6I.jpg","http://ecx.images-amazon.com/images/I/41X-KQqsFUL.jpg","Moleskine 2016 Weekly Notebook, 12M, Large, Black, Soft Cover (5 x 8.25)","Moleskine","3","Calendars"
"761182187","0761182187.jpg","http://ecx.images-amazon.com/images/I/61j-4gxJqjL.jpg","365 Cats Color Page-A-Day Calendar 2016","Workman Publishing","3","Calendars"
"1578052084","1578052084.jpg","http://ecx.images-amazon.com/images/I/51Ry4Tsq6xL.jpg","Sierra Club Engagement Calendar 2016","Sierra Club","3","Calendars"
"1578052076","1578052076.jpg","http://ecx.images-amazon.com/images/I/619KxYEqS0L.jpg","Sierra Club Wilderness Calendar 2016","Sierra Club","3","Calendars"
"1449468713","1449468713.jpg","http://ecx.images-amazon.com/images/I/61tNsiueA%2BL.jpg","Thomas Kinkade: The Disney Dreams Collection 2016 Wall Calendar","Thomas Kinkade","3","Calendars"
"316380652","0316380652.jpg","http://ecx.images-amazon.com/images/I/51JoXERfGpL.jpg","Ansel Adams 2016 Wall Calendar","","3","Calendars"
"1449465145","1449465145.jpg","http://ecx.images-amazon.com/images/I/51Iy7WilFxL.jpg","Dilbert 2016 Day-to-Day Calendar","Scott Adams","3","Calendars"
"1449461581","1449461581.jpg","http://ecx.images-amazon.com/images/I/61-4emum9GL.jpg","Mary Engelbreit 2016 Deluxe Wall Calendar: Never Give Up","Mary Engelbreit","3","Calendars"
